,HJD,mag,mag_err,photometry_flag,frame_grade,Phase
0,2451856.51701,14.125,0.004,40,F,0.006600593168968771
1,2451071.5713,14.124,0.003,40,F,0.9327338193256764
2,2450722.62941,14.122,0.003,40,F,0.010811471762735891
3,2450694.5417299997,14.120999999999999,0.003,40,E,0.9366023824400145
4,2450533.7897900003,14.115,0.004,40,F,0.5118875226112323
5,2451227.82733,14.11,0.003,40,E,0.34557025463664104
6,2450728.51498,14.11,0.003,40,B,0.02636144918460559
7,2451094.5753200003,14.11,0.003,40,A,0.9935116185238257
8,2451103.55359,14.11,0.003,40,B,0.017232667765256338
9,2450569.8383400002,14.109000000000002,0.003,40,B,0.6071296382601759
10,2451011.68345,14.109000000000002,0.003,40,E,0.7745070519335968
11,2451026.51424,14.109000000000002,0.003,0,F,0.8136907588045688
12,2451296.73118,14.107999999999999,0.003,40,B,0.5276177558657764
13,2451730.6672,14.107999999999999,0.003,40,B,0.6740989486238504
14,2451109.49021,14.107000000000001,0.003,40,D,0.03291752190261832
15,2451622.79925,14.107000000000001,0.003,40,D,0.38910629930205687
16,2451075.53045,14.106,0.003,40,E,0.9431940964291243
17,2450557.86183,14.106,0.003,40,C,0.57548708535478
18,2450708.52395,14.105,0.003,40,E,0.9735441239049578
19,2450962.83146,14.105,0.003,40,B,0.6454375919615813
20,2451650.7697,14.105,0.003,0,F,0.4630056609580606
21,2451364.70005,14.105,0.003,40,F,0.7071949920396037
22,2450663.63002,14.105,0.003,40,E,0.8549320612005431
23,2451044.53668,14.104000000000001,0.003,40,D,0.8613069684656693
24,2451116.4942099997,14.104000000000001,0.003,40,C,0.05142244867465706
25,2450707.54408,14.104000000000001,0.003,40,D,0.9709552571716813
26,2451770.65091,14.104000000000001,0.003,40,F,0.7797379585676936
27,2451260.79345,14.103,0.003,40,A,0.4326684323336849
28,2451091.53428,14.103,0.003,40,B,0.9854770350680155
29,2450630.74005,14.103,0.003,40,C,0.7680350757068481
30,2450996.6088900003,14.103,0.003,40,E,0.7346792922357963
31,2450963.80735,14.103,0.003,40,C,0.6480159433299377
32,2451120.50401,14.103,0.003,40,E,0.062016545672577195
33,2451245.8694700003,14.103,0.003,40,B,0.3932385127077396
34,2451858.51808,14.103,0.003,40,E,0.01188752261123227
35,2450560.72549,14.102,0.003,40,D,0.5830530217640444
36,2451373.61423,14.102,0.003,0,E,0.7307467122186608
37,2451298.7881099996,14.102,0.003,40,B,0.5330522702884082
38,2450684.54642,14.102,0.003,40,D,0.9101942614211112
39,2451632.79278,14.102,0.003,40,B,0.415509717468467
40,2451353.8542,14.102,0.003,40,D,0.6785397007720348
41,2451600.85307,14.102,0.003,40,E,0.3311233675717631
42,2450727.53174,14.102,0.003,40,D,0.02376367873921481
43,2451729.70183,14.102,0.003,40,B,0.6715483916345875
44,2450581.82729,14.102,0.003,40,C,0.6388050582813776
45,2451264.79904,14.102,0.003,40,C,0.44325140629507587
46,2451252.85304,14.102,0.003,40,D,0.4116894623734879
47,2451731.6601,14.100999999999999,0.003,40,A,0.6767222412840965
48,2451067.5392400003,14.100999999999999,0.003,40,B,0.9220809102685052
49,2450581.89897,14.100999999999999,0.003,40,C,0.6389944405132155
50,2450715.53249,14.100999999999999,0.003,40,D,0.9920610455906171
51,2450697.5208099997,14.100999999999999,0.003,40,C,0.9444732644001306
52,2451705.8291599997,14.100999999999999,0.003,40,D,0.6084755746410337
53,2451721.82006,14.100999999999999,0.003,40,F,0.6507243515584378
54,2451355.79295,14.100999999999999,0.003,40,B,0.683661977583597
55,2450553.79203,14.100999999999999,0.003,0,A,0.5647344652848005
56,2450708.60938,14.100999999999999,0.003,40,C,0.9737698343410557
57,2451744.66422,14.100999999999999,0.003,40,B,0.7110797924474355
58,2450554.8638400002,14.1,0.003,40,C,0.5675662422077039
59,2451728.68958,14.1,0.003,0,A,0.668873975283077
60,2450712.60344,14.1,0.003,40,D,0.9843223454531653
61,2451630.83955,14.1,0.003,0,A,0.4103491837572619
62,2450707.64665,14.1,0.003,40,B,0.971226252366705
63,2450991.79811,14.1,0.003,40,D,0.7219689650469263
64,2450897.7801,14.1,0.003,40,C,0.473568566654194
65,2451005.72879,14.1,0.003,40,E,0.758774535192515
66,2451812.5257900003,14.1,0.003,40,C,0.8903735365261127
67,2451299.90502,14.1,0.003,0,A,0.5360032037219753
68,2450628.6747,14.1,0.003,40,C,0.7625783152102485
69,2450635.7538799997,14.1,0.003,0,D,0.7812818713941851
70,2451047.60704,14.1,0.003,40,B,0.869419016862139
71,2451817.5038799997,14.1,0.003,40,B,0.9035259053011941
72,2451616.79388,14.1,0.003,40,E,0.3732398041415763
73,2451051.6657,14.1,0.003,40,C,0.8801422044821265
74,2451435.60484,14.099,0.003,0,F,0.8945290792439664
75,2451432.5800900003,14.099,0.003,40,D,0.8865375348045745
76,2450933.8999900003,14.099,0.003,40,D,0.5689991662379725
77,2451758.73446,14.099,0.003,40,C,0.748254087260193
78,2451078.6302900002,14.099,0.003,40,C,0.9513840324957528
79,2451081.5271400004,14.099,0.003,40,B,0.9590376585842932
80,2450578.7777,14.099,0.003,0,A,0.6307478852891109
81,2450965.83209,14.099,0.003,40,D,0.6533654101262982
82,2451354.70505,14.099,0.003,40,A,0.6807876900561496
83,2451290.84799,14.099,0.003,0,A,0.5120740665256562
84,2450971.9024799997,14.099,0.003,40,C,0.669403691453681
85,2451350.71273,14.099,0.003,40,A,0.6702397761132488
86,2451295.87861,14.099,0.003,0,A,0.5253652222531855
87,2451725.8287299997,14.099,0.003,40,D,0.6613154630381359
88,2450577.90682,14.099,0.003,0,A,0.6284469757197257
89,2451652.74895,14.099,0.003,40,A,0.46823494084264894
90,2451635.82473,14.099,0.003,40,A,0.42352028467803393
91,2450685.5723200003,14.099,0.003,40,B,0.9129047417723086
92,2450697.5673599998,14.099,0.003,40,E,0.9445962518843771
93,2451754.55219,14.099,0.003,0,B,0.7372043156879045
94,2450688.52933,14.099,0.003,0,B,0.9207173136614983
95,2450712.52383,14.097999999999999,0.003,40,C,0.9841120117548599
96,2451399.70357,14.097999999999999,0.003,40,B,0.7996760848977829
97,2451061.5781,14.097999999999999,0.003,40,B,0.9063312730345388
98,2451088.5336599997,14.097999999999999,0.003,40,B,0.9775492433241197
99,2451241.8065400003,14.097999999999999,0.003,40,E,0.3825040435290248
100,2450670.6046599997,14.097999999999999,0.003,0,C,0.8733594173486381
101,2451597.8447,14.097999999999999,0.003,40,C,0.32317509992981286
102,2450970.79753,14.097999999999999,0.003,40,C,0.6664843569556069
103,2451335.7473400002,14.097999999999999,0.003,40,B,0.6307004491477528
104,2450625.7612900003,14.097000000000001,0.003,40,B,0.7548809367549438
105,2451257.79294,14.097000000000001,0.003,0,B,0.4247409312151831
106,2451704.56527,14.097000000000001,0.003,40,C,0.6051363125202442
107,2451718.81951,14.097000000000001,0.003,0,D,0.6427967447584706
108,2451643.82254,14.097000000000001,0.003,0,B,0.4446509083777528
109,2451828.54614,14.097000000000001,0.003,40,E,0.9327001218512123
110,2451370.69025,14.097000000000001,0.003,0,A,0.7230214072810668
111,2451756.70203,14.097000000000001,0.003,0,D,0.7428843030907046
112,2451305.85489,14.097000000000001,0.003,0,A,0.5517230650380043
113,2450900.86751,14.097000000000001,0.003,0,A,0.4817256620221997
114,2451726.64553,14.097000000000001,0.003,40,B,0.663473490477827
115,2451582.86744,14.097000000000001,0.003,40,C,0.28360441181621354
116,2451687.67317,14.097000000000001,0.003,40,E,0.5605065190397909
117,2451611.7962599997,14.097000000000001,0.003,40,A,0.36003583610408896
118,2450688.59699,14.097000000000001,0.003,0,B,0.9208960748478603
119,2451847.53384,14.097000000000001,0.003,40,B,0.9828665978761819
120,2451290.85736,14.097000000000001,0.003,0,A,0.5120988225448855
121,2450566.7165,14.097000000000001,0.003,0,A,0.5988815770674591
122,2450643.6271900004,14.095999999999998,0.003,40,B,0.8020835597176301
123,2450990.85971,14.095999999999998,0.003,40,B,0.7194896641790365
124,2451654.7259400003,14.095999999999998,0.003,40,A,0.4734582496935218
125,2450588.82552,14.095999999999998,0.003,0,C,0.6572947404179104
126,2451397.74761,14.095999999999998,0.003,40,B,0.7945083383860947
127,2450665.54329,14.095999999999998,0.003,40,A,0.8599870185457803
128,2451692.78911,14.095999999999998,0.003,40,A,0.574023094578024
129,2450663.68518,14.095999999999998,0.003,40,C,0.8550777967461727
130,2450649.48581,14.095999999999998,0.003,40,B,0.8175623338579499
131,2451336.72298,14.095999999999998,0.003,0,B,0.6332781400037675
132,2451395.6477799998,14.095999999999998,0.003,40,A,0.7889604799643166
133,2451315.71371,14.095999999999998,0.003,40,B,0.5777705724854059
134,2451366.74383,14.095999999999998,0.003,0,B,0.7125947634899603
135,2450633.8469,14.095999999999998,0.003,40,C,0.7762435325507795
136,2451267.86665,14.095999999999998,0.003,0,C,0.4513561890503297
137,2451307.83677,14.095999999999998,0.003,40,C,0.5569592935175933
138,2451763.58641,14.095999999999998,0.003,0,A,0.7610731876961836
139,2451755.50291,14.095999999999998,0.003,40,C,0.7397161666272041
140,2451444.58947,14.095999999999998,0.003,0,F,0.9182669319320667
141,2450687.50372,14.095999999999998,0.003,0,B,0.9180075995059269
142,2451586.86072,14.095999999999998,0.003,40,B,0.2941548621279253
143,2450684.66012,14.095999999999998,0.003,0,C,0.9104946626462151
144,2450966.79323,14.095999999999998,0.003,40,B,0.6559047912392089
145,2450607.72828,14.095999999999998,0.003,40,B,0.7072368006124634
146,2451608.82884,14.095999999999998,0.003,40,C,0.3521957604621093
147,2451665.7968599997,14.095,0.003,0,A,0.5027081874281976
148,2450931.90012,14.095,0.003,40,E,0.5637154072551311
149,2451219.85594,14.095,0.003,40,D,0.32450943393223497
150,2450689.62816,14.095,0.003,40,C,0.9236204788080613
151,2451814.56337,14.095,0.003,0,B,0.8957569272583896
152,2450881.86132,14.095,0.003,0,A,0.4315103344711133
153,2451234.83952,14.095,0.003,40,E,0.3640968198092196
154,2451757.54083,14.095,0.003,0,B,0.7451004556573935
155,2451365.74995,14.095,0.003,40,B,0.7099688816201706
156,2451716.74162,14.095,0.003,40,C,0.6373068529405828
157,2451348.79838,14.095,0.003,0,B,0.6651819653529856
158,2451644.85168,14.095,0.003,0,A,0.4473699489731189
159,2450568.69262,14.095,0.003,40,C,0.6041025873314538
160,2451400.74547,14.095,0.003,40,C,0.8024288380688631
161,2450600.7716200002,14.095,0.003,0,B,0.6888569485449807
162,2451646.74677,14.095,0.003,0,D,0.45237687382768854
163,2451403.72353,14.095,0.003,40,E,0.8102970251370607
164,2451732.64235,14.095,0.003,0,A,0.6793173960991226
165,2451402.6793299997,14.095,0.003,40,B,0.8075381952480711
166,2451775.54329,14.095,0.003,0,B,0.7926638771346006
167,2450587.87005,14.095,0.003,40,C,0.6547703397350233
168,2450701.51233,14.095,0.003,0,C,0.9550190647019008
169,2450700.52838,14.095,0.003,40,D,0.9524194184009502
170,2450952.8656099997,14.095,0.003,0,A,0.6191073057702852
171,2451626.78354,14.095,0.003,40,C,0.39963299757300774
172,2451410.60346,14.095,0.003,0,E,0.8284741526135804
173,2450664.77405,14.095,0.003,0,F,0.8579546470623427
174,2451415.6855099997,14.095,0.003,40,E,0.8419011890359798
175,2450685.66621,14.095,0.003,0,C,0.9131528039611112
176,2450706.5029700003,14.094000000000001,0.003,0,B,0.968204591223639
177,2450626.6957400003,14.094000000000001,0.003,40,C,0.7573498015212863
178,2451682.77729,14.094000000000001,0.003,0,D,0.5475713532937334
179,2450699.5642,14.094000000000001,0.003,0,E,0.9498720054511978
180,2450686.58775,14.094000000000001,0.003,0,E,0.9155875598457897
181,2451759.67998,14.094000000000001,0.003,0,A,0.7507521995335082
182,2451750.79038,14.094000000000001,0.003,40,B,0.7272654209732536
183,2450653.67151,14.094000000000001,0.003,0,B,0.8286211676654602
184,2451407.68935,14.094000000000001,0.003,40,D,0.820774924721718
185,2451776.53816,14.094000000000001,0.003,0,A,0.7952923746356646
186,2451772.5274400003,14.094000000000001,0.003,0,A,0.7846958469522178
187,2451417.48252,14.094000000000001,0.003,0,D,0.8466489815068599
188,2450632.79603,14.094000000000001,0.003,40,D,0.77346708018149
189,2450698.54316,14.094000000000001,0.003,40,C,0.9471743654689817
190,2451394.78796,14.094000000000001,0.003,0,D,0.7866887914810832
191,2451725.81214,14.094000000000001,0.003,0,D,0.6612716314089084
192,2451660.86828,14.093,0.003,40,B,0.48968662660763584
193,2451441.5910099996,14.093,0.003,40,B,0.9103448470173134
194,2451340.84095,14.093,0.003,40,B,0.6441580276828063
195,2451749.71771,14.093,0.003,0,A,0.7244313718870217
196,2451631.81124,14.093,0.003,0,C,0.4129164385117292
197,2451675.7088,14.093,0.003,40,B,0.5288960406383012
198,2451664.78376,14.093,0.003,0,A,0.5000315253341796
199,2451254.79108,14.093,0.003,40,B,0.41680986332767134
200,2451695.64968,14.093,0.003,40,C,0.5815808670481601
201,2450654.77683,14.093,0.003,40,C,0.8315414797248195
202,2450713.65963,14.093,0.003,40,C,0.9871128535355638
203,2450698.6332099997,14.093,0.003,0,D,0.9474122821816309
204,2450689.6729599996,14.093,0.003,0,E,0.9237388427022779
205,2450688.66458,14.093,0.003,40,C,0.9210746510902936
206,2450687.71887,14.093,0.003,40,A,0.9185760368268348
207,2451783.5512200003,14.093,0.003,0,B,0.8138212383933023
208,2450668.77434,14.093,0.003,40,D,0.8685236181531764
209,2451810.50167,14.093,0.003,40,B,0.8850257078015602
210,2451007.66567,14.093,0.003,0,D,0.7638918713669227
211,2451020.56226,14.093,0.003,40,D,0.7979653227616836
212,2450701.62546,14.093,0.003,40,C,0.9553179599565738
213,2451698.78351,14.093,0.003,0,A,0.5898606064351952
214,2450575.83894,14.093,0.003,40,C,0.6229835308345173
215,2450713.52399,14.093,0.003,0,D,0.986754485707479
216,2451738.6195799997,14.093,0.003,0,A,0.6951095439358141
217,2451846.54739,14.093,0.003,0,F,0.9802603464454478
218,2451306.8080599997,14.093,0.003,0,A,0.5542413890020725
219,2450645.5178099996,14.093,0.003,40,A,0.8070786746006888
220,2451430.57416,14.092,0.003,0,C,0.8812377649915106
221,2450672.57774,14.092,0.003,0,D,0.8785723957785194
222,2450623.75973,14.092,0.003,40,B,0.749592712706999
223,2450720.57612,14.092,0.003,40,E,1.0053865744043833
224,2450701.57991,14.092,0.003,0,C,0.955197614523513
225,2451689.7296599997,14.092,0.003,40,C,0.5659398709608467
226,2451789.5337799997,14.092,0.003,0,B,0.829627468362105
227,2450631.71422,14.092,0.003,0,B,0.7706088827467283
228,2451761.51939,14.092,0.003,0,C,0.7556120149752132
229,2451443.60957,14.092,0.003,40,C,0.9156779859372364
230,2450936.88201,14.092,0.003,0,C,0.5768778158276291
231,2450937.74478,14.092,0.003,0,C,0.5791572983621336
232,2450666.75196,14.092,0.003,40,E,0.8631803865987422
233,2451041.62709,14.092,0.003,40,A,0.8536196826457854
234,2451645.8366900003,14.092,0.003,0,C,0.4499723958510913
235,2451777.55045,14.092,0.003,0,A,0.7979668966695499
236,2451672.77984,14.092,0.003,0,A,0.5211575782846012
237,2451667.8132,14.092,0.003,0,B,0.5080354609940514
238,2450655.5018,14.092,0.003,0,C,0.8334568876011872
239,2451765.69345,14.092,0.003,0,A,0.7666400953071388
240,2451771.51701,14.092,0.003,40,B,0.782026239132847
241,2450576.84732,14.092,0.003,0,B,0.6256477224483206
242,2450666.70681,14.091,0.003,0,C,0.863061097985792
243,2451751.69547,14.091,0.003,0,A,0.7296567151156523
244,2450700.59589,14.091,0.003,40,C,0.9525977832786339
245,2451675.92312,14.091,0.003,40,C,0.5294622850556152
246,2451670.80438,14.091,0.003,0,A,0.5159383117738798
247,2450652.8067400004,14.091,0.003,40,B,0.8263364010304031
248,2450673.59203,14.091,0.003,40,F,0.8812522019138669
249,2451635.85103,14.091,0.003,0,A,0.42358977062531267
250,2450652.52496,14.091,0.003,0,B,0.8255919238358729
251,2451666.89157,14.091,0.003,0,A,0.5056004673238021
252,2450745.52778,14.091,0.003,40,C,0.07131013824755428
253,2450590.80713,14.091,0.003,0,D,0.662530255544425
254,2451342.6770099998,14.091,0.003,0,A,0.6490089922522202
255,2451367.61623,14.091,0.003,0,C,0.7148996889777663
256,2451773.54207,14.091,0.003,0,A,0.7873765513845683
257,2450605.78657,14.091,0.003,0,C,0.7021067033306281
258,2450968.7669599997,14.091,0.003,0,D,0.6611194870006329
259,2450573.74048,14.091,0.003,40,B,0.6174392920233913
260,2450562.87021,14.091,0.003,0,B,0.5887194818647004
261,2451294.7552400003,14.091,0.003,40,D,0.5223972211711043
262,2451368.69985,14.091,0.003,0,A,0.717762668524756
263,2451787.4843599997,14.091,0.003,0,C,0.8242127957432785
264,2451470.51194,14.091,0.003,40,E,0.9867554255229152
265,2450752.52825,14.091,0.003,40,E,0.08980573857888885
266,2451316.88246,14.091,0.003,0,A,0.5808584698538652
267,2451591.8719200003,14.091,0.003,40,C,0.30739470922208056
268,2451332.75836,14.091,0.003,0,B,0.6228034108794418
269,2450574.86028,14.091,0.003,0,C,0.6203978609842125
270,2451706.74456,14.09,0.003,0,A,0.6108941083316495
271,2451313.75865,14.09,0.003,0,A,0.5726052038203306
272,2451289.69917,14.09,0.003,0,C,0.5090388252378943
273,2451272.8113599997,14.09,0.003,40,C,0.46442036615690085
274,2451339.67114,14.09,0.003,0,B,0.6410673297400535
275,2450571.80588,14.09,0.003,40,D,0.6123279797243413
276,2451764.62135,14.09,0.003,0,A,0.7638075521904284
277,2450606.70395,14.09,0.003,40,A,0.7045304682819733
278,2451752.66873,14.09,0.003,0,A,0.7322281178899175
279,2451375.56249,14.09,0.003,40,B,0.7358941149364
280,2450944.8395700003,14.09,0.003,40,E,0.5979020969666635
281,2451804.58113,14.09,0.003,0,C,0.8693833378479212
282,2451785.53746,14.09,0.003,0,A,0.8190689862153704
283,2451640.83739,14.09,0.003,0,C,0.4367639891656836
284,2451786.52984,14.09,0.003,0,B,0.8216909050092909
285,2451451.53895,14.09,0.003,0,B,0.9366278140710165
286,2451632.88627,14.09,0.003,0,B,0.415756722838978
287,2450689.5375599996,14.09,0.003,0,A,0.9233811089666233
288,2450911.86925,14.09,0.003,40,C,0.5107928226557306
289,2451706.79048,14.09,0.003,0,A,0.6110154313241765
290,2451624.84174,14.09,0.003,40,C,0.3945026625056016
291,2451618.8536799997,14.09,0.003,0,D,0.3786819012525484
292,2451321.7416,14.09,0.003,0,B,0.5936965666373908
293,2451702.8390200003,14.089,0.003,40,D,0.6005754715956755
294,2451318.8978,14.089,0.003,0,B,0.5861831013667143
295,2451671.68875,14.089,0.003,0,A,0.5182748626152716
296,2451633.74935,14.089,0.003,0,C,0.41803702440893176
297,2450671.5814799997,14.089,0.003,0,B,0.8759402258251612
298,2451790.51985,14.089,0.003,0,B,0.8322327158134613
299,2450714.6348900003,14.089,0.003,40,B,0.9896895404122006
300,2450601.84289,14.089,0.003,0,B,0.6916872987590068
301,2450885.8723299997,14.089,0.003,0,B,0.44210762834927664
302,2450891.89041,14.089,0.003,40,A,0.4580077039804564
303,2450986.6998799997,14.089,0.003,40,C,0.7084991802353215
304,2450989.68107,14.089,0.003,0,E,0.7163756369241128
305,2450998.6159,14.089,0.003,0,C,0.7399819154620673
306,2450616.72425,14.089,0.003,0,B,0.7310046141615203
307,2451327.67946,14.089,0.003,0,D,0.6093846969183687
308,2451347.6742599998,14.089,0.003,0,A,0.6622119827311508
309,2451369.6427599997,14.089,0.003,0,B,0.7202538850438032
310,2451628.7892299998,14.089,0.003,0,D,0.40493213329091304
311,2451745.60186,14.089,0.003,0,B,0.7135570853556601
312,2451762.51654,14.088,0.003,0,A,0.7582465363534538
313,2450552.86568,14.088,0.003,40,B,0.5622870011325176
314,2451278.87126,14.088,0.003,0,A,0.48043093236947243
315,2450583.79537,14.088,0.003,0,C,0.6440048264535108
316,2451280.90043,14.088,0.003,0,A,0.48579210345133106
317,2450624.6519,14.088,0.003,40,A,0.7519498715469126
318,2450656.7156599998,14.088,0.003,0,B,0.8366639678993124
319,2451676.7231400004,14.088,0.003,0,B,0.5315759788768446
320,2451669.73572,14.088,0.003,0,B,0.5131148573132123
321,2451634.79007,14.088,0.003,40,B,0.4207866599585941
322,2450672.48305,14.088,0.003,0,B,0.8783222199476768
323,2450941.80405,14.088,0.003,0,A,0.5898820976340176
324,2450951.6893,14.088,0.003,0,B,0.6159994344966435
325,2451460.5405099997,14.088,0.003,40,D,0.9604103966862567
326,2450582.77518,14.088,0.003,40,D,0.6413094322156212
327,2450667.5129299997,14.087,0.003,0,C,0.8651909083177998
328,2451766.51266,14.087,0.003,40,C,0.7688044900901332
329,2450615.72203,14.087,0.003,40,A,0.7283566975834219
330,2451662.67465,14.087,0.003,40,D,0.4944591486769241
331,2451742.62647,14.085999999999999,0.003,0,A,0.7056959525657476
332,2451454.58012,14.085999999999999,0.003,40,F,0.9446627409920438
333,2451784.54295,14.085999999999999,0.003,40,A,0.8164414398538611
334,2451603.8725400004,14.085999999999999,0.003,40,B,0.33910096198133033
335,2451700.61736,14.085999999999999,0.003,40,B,0.5947057320722706
336,2451825.52995,14.085999999999999,0.003,0,A,0.924731193369098
337,2450561.78425,14.085999999999999,0.003,0,A,0.5858503199174265
338,2450918.76065,14.085,0.003,40,B,0.529000254460243
339,2450551.7677700003,14.085,0.003,40,A,0.5593862666742098
340,2451481.5096400003,14.085,0.003,40,A,0.015811912269327877
341,2451748.70247,14.085,0.003,40,B,0.7217490558018653
342,2451319.84037,14.085,0.003,0,A,0.5886734195887584
343,2450652.7842,14.084000000000001,0.003,40,B,0.8262768491954375
344,2450657.5693599996,14.084000000000001,0.003,40,B,0.8389194870283063
345,2450614.76383,14.084000000000001,0.003,40,C,0.7258250841009612
346,2450629.74178,14.084000000000001,0.003,40,D,0.7653975952302972
347,2451320.69342,14.084000000000001,0.003,0,A,0.5909272213862096
348,2450928.80622,14.084000000000001,0.003,40,C,0.5555411649743291
349,2450925.75028,14.083,0.003,40,B,0.5474672149562139
350,2451741.59022,14.083,0.003,40,C,0.7029581269848677
351,2451760.54676,14.083,0.003,0,B,0.7530422766926677
352,2450608.7200599997,14.082,0.003,40,B,0.7098571341743991
353,2451448.55357,14.081,0.003,40,C,0.9287402871882477
354,2450939.8313700003,14.08,0.003,40,C,0.5846701760269752
355,2450599.85083,14.078,0.003,40,C,0.6864241741982369
356,2451317.84495,14.078,0.003,0,A,0.5834014177357858
357,2450592.71598,14.072000000000001,0.004,40,D,0.6675735350222567
358,2451036.68631,14.071,0.003,40,B,0.8405658887982099
359,2450669.61843,14.064,0.003,40,A,0.8707537471696014
360,2451071.5713,14.124,0.003,40,F,-0.06726618067432355
361,2450694.5417299997,14.120999999999999,0.003,40,E,-0.06339761755998552
362,2451094.5753200003,14.11,0.003,40,A,-0.006488381476174254
363,2451011.68345,14.109000000000002,0.003,40,E,-0.2254929480664032
364,2451026.51424,14.109000000000002,0.003,0,F,-0.18630924119543124
365,2451075.53045,14.106,0.003,40,E,-0.05680590357087567
366,2450708.52395,14.105,0.003,40,E,-0.026455876095042186
367,2450663.63002,14.105,0.003,40,E,-0.1450679387994569
368,2451044.53668,14.104000000000001,0.003,40,D,-0.13869303153433066
369,2450707.54408,14.104000000000001,0.003,40,D,-0.029044742828318704
370,2451770.65091,14.104000000000001,0.003,40,F,-0.22026204143230643
371,2451091.53428,14.103,0.003,40,B,-0.014522964931984461
372,2450630.74005,14.103,0.003,40,C,-0.23196492429315185
373,2450684.54642,14.102,0.003,40,D,-0.08980573857888885
374,2451067.5392400003,14.100999999999999,0.003,40,B,-0.07791908973149475
375,2450715.53249,14.100999999999999,0.003,40,D,-0.007938954409382859
376,2450697.5208099997,14.100999999999999,0.003,40,C,-0.055526735599869426
377,2450708.60938,14.100999999999999,0.003,40,C,-0.026230165658944316
378,2450712.60344,14.1,0.003,40,D,-0.015677654546834674
379,2450707.64665,14.1,0.003,40,B,-0.028773747633294988
380,2451005.72879,14.1,0.003,40,E,-0.24122546480748497
381,2451812.5257900003,14.1,0.003,40,C,-0.10962646347388727
382,2450628.6747,14.1,0.003,40,C,-0.23742168478975145
383,2450635.7538799997,14.1,0.003,0,D,-0.21871812860581485
384,2451047.60704,14.1,0.003,40,B,-0.13058098313786104
385,2451817.5038799997,14.1,0.003,40,B,-0.09647409469880586
386,2451051.6657,14.1,0.003,40,C,-0.11985779551787346
387,2451435.60484,14.099,0.003,0,F,-0.10547092075603359
388,2451432.5800900003,14.099,0.003,40,D,-0.11346246519542547
389,2451078.6302900002,14.099,0.003,40,C,-0.04861596750424724
390,2451081.5271400004,14.099,0.003,40,B,-0.04096234141570676
391,2450685.5723200003,14.099,0.003,40,B,-0.08709525822769137
392,2450697.5673599998,14.099,0.003,40,E,-0.055403748115622875
393,2450688.52933,14.099,0.003,0,B,-0.07928268633850166
394,2450712.52383,14.097999999999999,0.003,40,C,-0.01588798824514015
395,2451399.70357,14.097999999999999,0.003,40,B,-0.20032391510221714
396,2451061.5781,14.097999999999999,0.003,40,B,-0.09366872696546125
397,2451088.5336599997,14.097999999999999,0.003,40,B,-0.022450756675880257
398,2450670.6046599997,14.097999999999999,0.003,0,C,-0.1266405826513619
399,2451828.54614,14.097000000000001,0.003,40,E,-0.06729987814878768
400,2450688.59699,14.097000000000001,0.003,0,B,-0.07910392515213971
401,2451847.53384,14.097000000000001,0.003,40,B,-0.017133402123818087
402,2450643.6271900004,14.095999999999998,0.003,40,B,-0.19791644028236988
403,2451397.74761,14.095999999999998,0.003,40,B,-0.2054916616139053
404,2450665.54329,14.095999999999998,0.003,40,A,-0.1400129814542197
405,2450663.68518,14.095999999999998,0.003,40,C,-0.14492220325382732
406,2450649.48581,14.095999999999998,0.003,40,B,-0.18243766614205015
407,2451395.6477799998,14.095999999999998,0.003,40,A,-0.21103952003568338
408,2450633.8469,14.095999999999998,0.003,40,C,-0.2237564674492205
409,2451763.58641,14.095999999999998,0.003,0,A,-0.2389268123038164
410,2451444.58947,14.095999999999998,0.003,0,F,-0.08173306806793335
411,2450687.50372,14.095999999999998,0.003,0,B,-0.08199240049407308
412,2450684.66012,14.095999999999998,0.003,0,C,-0.08950533735378485
413,2450689.62816,14.095,0.003,40,C,-0.07637952119193869
414,2451814.56337,14.095,0.003,0,B,-0.10424307274161038
415,2451400.74547,14.095,0.003,40,C,-0.19757116193113688
416,2451403.72353,14.095,0.003,40,E,-0.1897029748629393
417,2451402.6793299997,14.095,0.003,40,B,-0.19246180475192887
418,2451775.54329,14.095,0.003,0,B,-0.20733612286539937
419,2450701.51233,14.095,0.003,0,C,-0.04498093529809921
420,2450700.52838,14.095,0.003,40,D,-0.047580581599049765
421,2451410.60346,14.095,0.003,0,E,-0.17152584738641963
422,2450664.77405,14.095,0.003,0,F,-0.1420453529376573
423,2451415.6855099997,14.095,0.003,40,E,-0.15809881096402023
424,2450685.66621,14.095,0.003,0,C,-0.0868471960388888
425,2450706.5029700003,14.094000000000001,0.003,0,B,-0.031795408776361
426,2450626.6957400003,14.094000000000001,0.003,40,C,-0.24265019847871372
427,2450699.5642,14.094000000000001,0.003,0,E,-0.050127994548802235
428,2450686.58775,14.094000000000001,0.003,0,E,-0.08441244015421034
429,2450653.67151,14.094000000000001,0.003,0,B,-0.17137883233453977
430,2451407.68935,14.094000000000001,0.003,40,D,-0.17922507527828202
431,2451776.53816,14.094000000000001,0.003,0,A,-0.2047076253643354
432,2451772.5274400003,14.094000000000001,0.003,0,A,-0.21530415304778217
433,2451417.48252,14.094000000000001,0.003,0,D,-0.15335101849314015
434,2450632.79603,14.094000000000001,0.003,40,D,-0.22653291981850998
435,2450698.54316,14.094000000000001,0.003,40,C,-0.052825634531018295
436,2451394.78796,14.094000000000001,0.003,0,D,-0.21331120851891683
437,2451441.5910099996,14.093,0.003,40,B,-0.08965515298268656
438,2450654.77683,14.093,0.003,40,C,-0.1684585202751805
439,2450713.65963,14.093,0.003,40,C,-0.012887146464436228
440,2450698.6332099997,14.093,0.003,0,D,-0.05258771781836913
441,2450689.6729599996,14.093,0.003,0,E,-0.0762611572977221
442,2450688.66458,14.093,0.003,40,C,-0.07892534890970637
443,2450687.71887,14.093,0.003,40,A,-0.08142396317316525
444,2451783.5512200003,14.093,0.003,0,B,-0.18617876160669766
445,2450668.77434,14.093,0.003,40,D,-0.13147638184682364
446,2451810.50167,14.093,0.003,40,B,-0.1149742921984398
447,2451007.66567,14.093,0.003,0,D,-0.23610812863307729
448,2451020.56226,14.093,0.003,40,D,-0.20203467723831636
449,2450701.62546,14.093,0.003,40,C,-0.04468204004342624
450,2450713.52399,14.093,0.003,0,D,-0.013245514292520966
451,2451846.54739,14.093,0.003,0,F,-0.019739653554552206
452,2450645.5178099996,14.093,0.003,40,A,-0.19292132539931117
453,2451430.57416,14.092,0.003,0,C,-0.11876223500848937
454,2450672.57774,14.092,0.003,0,D,-0.12142760422148058
455,2450720.57612,14.092,0.003,40,E,0.005386574404383282
456,2450701.57991,14.092,0.003,0,C,-0.04480238547648696
457,2451789.5337799997,14.092,0.003,0,B,-0.170372531637895
458,2450631.71422,14.092,0.003,0,B,-0.22939111725327166
459,2451443.60957,14.092,0.003,40,C,-0.08432201406276363
460,2450666.75196,14.092,0.003,40,E,-0.1368196134012578
461,2451041.62709,14.092,0.003,40,A,-0.14638031735421464
462,2451777.55045,14.092,0.003,0,A,-0.2020331033304501
463,2450655.5018,14.092,0.003,0,C,-0.1665431123988128
464,2451765.69345,14.092,0.003,0,A,-0.23335990469286116
465,2451771.51701,14.092,0.003,40,B,-0.21797376086715303
466,2450666.70681,14.091,0.003,0,C,-0.136938902014208
467,2450700.59589,14.091,0.003,40,C,-0.04740221672136613
468,2450652.8067400004,14.091,0.003,40,B,-0.17366359896959693
469,2450673.59203,14.091,0.003,40,F,-0.11874779808613312
470,2450652.52496,14.091,0.003,0,B,-0.17440807616412712
471,2451773.54207,14.091,0.003,0,A,-0.2126234486154317
472,2451787.4843599997,14.091,0.003,0,C,-0.17578720425672145
473,2451470.51194,14.091,0.003,40,E,-0.013244574477084825
474,2451764.62135,14.09,0.003,0,A,-0.2361924478095716
475,2451804.58113,14.09,0.003,0,C,-0.1306166621520788
476,2451785.53746,14.09,0.003,0,A,-0.1809310137846296
477,2451786.52984,14.09,0.003,0,B,-0.17830909499070913
478,2451451.53895,14.09,0.003,0,B,-0.06337218592898353
479,2450689.5375599996,14.09,0.003,0,A,-0.07661889103337671
480,2450671.5814799997,14.089,0.003,0,B,-0.12405977417483882
481,2451790.51985,14.089,0.003,0,B,-0.16776728418653875
482,2450714.6348900003,14.089,0.003,40,B,-0.010310459587799414
483,2451762.51654,14.088,0.003,0,A,-0.24175346364654615
484,2450656.7156599998,14.088,0.003,0,B,-0.1633360321006876
485,2450672.48305,14.088,0.003,0,B,-0.12167778005232321
486,2451460.5405099997,14.088,0.003,40,D,-0.03958960331374328
487,2450667.5129299997,14.087,0.003,0,C,-0.13480909168220023
488,2451766.51266,14.087,0.003,40,C,-0.23119550990986681
489,2451454.58012,14.085999999999999,0.003,40,F,-0.05533725900795616
490,2451784.54295,14.085999999999999,0.003,40,A,-0.18355856014613892
491,2451825.52995,14.085999999999999,0.003,0,A,-0.07526880663090196
492,2450652.7842,14.084000000000001,0.003,40,B,-0.17372315080456247
493,2450657.5693599996,14.084000000000001,0.003,40,B,-0.16108051297169368
494,2450629.74178,14.084000000000001,0.003,40,D,-0.23460240476970284
495,2451448.55357,14.081,0.003,40,C,-0.07125971281175225
496,2451036.68631,14.071,0.003,40,B,-0.15943411120179007
497,2450669.61843,14.064,0.003,40,A,-0.1292462528303986
498,2451856.51701,14.125,0.004,40,F,1.0066005931689688
499,2450722.62941,14.122,0.003,40,F,1.010811471762736
500,2450728.51498,14.11,0.003,40,B,1.0263614491846056
501,2451103.55359,14.11,0.003,40,B,1.0172326677652563
502,2451109.49021,14.107000000000001,0.003,40,D,1.0329175219026183
503,2451116.4942099997,14.104000000000001,0.003,40,C,1.051422448674657
504,2451120.50401,14.103,0.003,40,E,1.0620165456725772
505,2451858.51808,14.103,0.003,40,E,1.0118875226112323
506,2450727.53174,14.102,0.003,40,D,1.0237636787392148
507,2450745.52778,14.091,0.003,40,C,1.0713101382475543
508,2450752.52825,14.091,0.003,40,E,1.0898057385788888
509,2451481.5096400003,14.085,0.003,40,A,1.0158119122693279
